{"items":[{"id":"119992322","premium":false,"name":"Business office manager (специалист)","department":null,"has_test":false,"response_letter_required":false,"area":{"id":"1002","name":"Минск","url":"https://api.hh.ru/areas/1002"},"salary":{"from":1750,"to":2100,"currency":"BYR","gross":false},"salary_range":{"from":1750,"to":2100,"currency":"BYR","gross":false,"mode":{"id":"MONTH","name":"За месяц"},"frequency":null},"type":{"id":"open","name":"Открытая"},"address":{"city":"Минск","street":"проспект Жукова","building":"29","lat":53.884901,"lng":27.504752,"description":null,"raw":"Минск, проспект Жукова, 29","metro":{"station_name":"Грушевка","line_name":"Московская","station_id":"62.413","line_id":"62","lat":53.88669,"lng":27.514786},"metro_stations":[{"station_name":"Грушевка","line_name":"Московская","station_id":"62.413","line_id":"62","lat":53.88669,"lng":27.514786}],"id":"13005337"},"response_url":null,"sort_point_distance":null,"published_at":"2025-04-27T23:43:58+0300","created_at":"2025-04-27T23:43:58+0300","archived":false,"apply_alternate_url":"https://hh.ru/applicant/vacancy_response?vacancyId=119992322","insider_interview":null,"url":"https://api.hh.ru/vacancies/119992322?host=hh.ru","alternate_url":"https://hh.ru/vacancy/119992322","relations":[],"employer":{"id":"2704258","name":"СТАР КОЛЛ","url":"https://api.hh.ru/employers/2704258","alternate_url":"https://hh.ru/employer/2704258","logo_urls":null,"vacancies_url":"https://api.hh.ru/vacancies?employer_id=2704258","accredited_it_employer":false,"employer_rating":null,"trusted":true},"snippet":{"requirement":"Fluent English (both written and spoken). Basic computer skills. Ability to work with big <highlighttext>data</highlighttext> volumes. Attention to detail.","responsibility":"Processing payment receipts and verifying that all the <highlighttext>data</highlighttext> is inserted correctly. Communicating with clients. Monitoring bills payment processes. "},"show_contacts":true,"contacts":null,"schedule":{"id":"fullDay","name":"Полный день"},"working_days":[],"working_time_intervals":[],"working_time_modes":[],"accept_temporary":false,"fly_in_fly_out_duration":[],"work_format":[],"working_hours":[{"id":"HOURS_8","name":"8 часов"}],"work_schedule_by_days":[{"id":"FIVE_ON_TWO_OFF","name":"5/2"}],"night_shifts":false,"professional_roles":[{"id":"70","name":"Менеджер по продажам, менеджер по работе с клиентами"}],"accept_incomplete_resumes":true,"experience":{"id":"noExperience","name":"Нет опыта"},"employment":{"id":"full","name":"Полная занятость"},"employment_form":{"id":"FULL","name":"Полная"},"internship":false,"adv_response_url":null,"is_adv_vacancy":false,"adv_context":null},{"id":"119990557","premium":false,"name":"Аналитик данных","department":null,"has_test":false,"response_letter_required":false,"area":{"id":"2","name":"Санкт-Петербург","url":"https://api.hh.ru/areas/2"},"salary":{"from":120000,"to":null,"currency":"RUR","gross":false},"salary_range":{"from":120000,"to":null,"currency":"RUR","gross":false,"mode":{"id":"MONTH","name":"За месяц"},"frequency":null},"type":{"id":"open","name":"Открытая"},"address":{"city":"Санкт-Петербург","street":"Кондратьевский проспект","building":"15к5","lat":59.963597,"lng":30.384239,"description":null,"raw":"Санкт-Петербург, Кондратьевский проспект, 15к5","metro":null,"metro_stations":[],"id":"12087727"},"response_url":null,"sort_point_distance":null,"published_at":"2025-04-27T15:55:49+0300","created_at":"2025-04-27T15:55:49+0300","archived":false,"apply_alternate_url":"https://hh.ru/applicant/vacancy_response?vacancyId=119990557","show_logo_in_search":null,"insider_interview":null,"url":"https://api.hh.ru/vacancies/119990557?host=hh.ru","alternate_url":"https://hh.ru/vacancy/119990557","relations":[],"employer":{"id":"1340780","name":"ДОСТАЕВСКИЙ","url":"https://api.hh.ru/employers/1340780","alternate_url":"https://hh.ru/employer/1340780","logo_urls":{"original":"https://img.hhcdn.ru/employer-logo-original/816857.jpg","90":"https://img.hhcdn.ru/employer-logo/3708315.jpeg","240":"https://img.hhcdn.ru/employer-logo/3708316.jpeg"},"vacancies_url":"https://api.hh.ru/vacancies?employer_id=1340780","accredited_it_employer":false,"employer_rating":{"total_rating":"4.5","reviews_count":429},"trusted":true},"snippet":{"requirement":"Интерес к машинному обучению (ML) и автоматизированной аналитике. Опыт разработки баз данных и практический опыт в области <highlighttext>data</highlighttext> engineering.","responsibility":"Автоматизация ручных процессов в компании с помощью Python и Power BI. Перевод всей управленческой отчётности в режим онлайн (дашборды, автоматические..."},"show_contacts":false,"contacts":null,"schedule":{"id":"fullDay","name":"Полный день"},"working_days":[],"working_time_intervals":[],"working_time_modes":[],"accept_temporary":false,"fly_in_fly_out_duration":[],"work_format":[{"id":"ON_SITE","name":"На месте работодателя"}],"working_hours":[{"id":"HOURS_8","name":"8 часов"}],"work_schedule_by_days":[{"id":"FIVE_ON_TWO_OFF","name":"5/2"}],"night_shifts":false,"professional_roles":[{"id":"156","name":"BI-аналитик, аналитик данных"}],"accept_incomplete_resumes":false,"experience":{"id":"between1And3","name":"От 1 года до 3 лет"},"employment":{"id":"full","name":"Полная занятость"},"employment_form":{"id":"FULL","name":"Полная"},"internship":false,"adv_response_url":null,"is_adv_vacancy":false,"adv_context":null},{"id":"118700041","premium":false,"name":"Директор по цифровой трансформации","department":null,"has_test":false,"response_letter_required":false,"area":{"id":"1","name":"Москва","url":"https://api.hh.ru/areas/1"},"salary":{"from":900000,"to":null,"currency":"RUR","gross":false},"salary_range":{"from":900000,"to":null,"currency":"RUR","gross":false,"mode":{"id":"MONTH","name":"За месяц"},"frequency":null},"type":{"id":"open","name":"Открытая"},"address":null,"response_url":null,"sort_point_distance":null,"published_at":"2025-04-21T09:17:30+0300","created_at":"2025-04-21T09:17:30+0300","archived":false,"apply_alternate_url":"https://hh.ru/applicant/vacancy_response?vacancyId=118700041","branding":{"type":"CONSTRUCTOR","tariff":"BASIC"},"show_logo_in_search":true,"insider_interview":null,"url":"https://api.hh.ru/vacancies/118700041?host=hh.ru","alternate_url":"https://hh.ru/vacancy/118700041","relations":[],"employer":{"id":"4174077","name":"StaffRecruitment","url":"https://api.hh.ru/employers/4174077","alternate_url":"https://hh.ru/employer/4174077","logo_urls":{"original":"https://img.hhcdn.ru/employer-logo-original/663804.png","90":"https://img.hhcdn.ru/employer-logo/3096348.png","240":"https://img.hhcdn.ru/employer-logo/3096349.png"},"vacancies_url":"https://api.hh.ru/vacancies?employer_id=4174077","accredited_it_employer":false,"employer_rating":{"total_rating":"4.3","reviews_count":20},"trusted":true},"snippet":{"requirement":"Глубокое понимание современных технологий в области логистики (IoT, Big <highlighttext>Data</highlighttext>, BI, AI и др.). Опыт управления проектами цифровой трансформации и...","responsibility":"Разработка и реализация стратегии цифровой трансформации в соответствии с бизнес-целями компании. Анализ текущих бизнес-процессов и определение возможностей для..."},"show_contacts":false,"contacts":null,"schedule":{"id":"fullDay","name":"Полный день"},"working_days":[],"working_time_intervals":[],"working_time_modes":[],"accept_temporary":false,"fly_in_fly_out_duration":[],"work_format":[],"working_hours":[{"id":"FLEXIBLE","name":"По договорённости"}],"work_schedule_by_days":[{"id":"FIVE_ON_TWO_OFF","name":"5/2"}],"night_shifts":false,"professional_roles":[{"id":"36","name":"Директор по информационным технологиям (CIO)"}],"accept_incomplete_resumes":false,"experience":{"id":"between3And6","name":"От 3 до 6 лет"},"employment":{"id":"full","name":"Полная занятость"},"employment_form":{"id":"FULL","name":"Полная"},"internship":false,"adv_response_url":null,"is_adv_vacancy":false,"adv_context":null},{"id":"118199211","premium":false,"name":"Ведущий менеджер по продажам","department":null,"has_test":false,"response_letter_required":false,"area":{"id":"1","name":"Москва","url":"https://api.hh.ru/areas/1"},"salary":{"from":150000,"to":null,"currency":"RUR","gross":true},"salary_range":{"from":150000,"to":null,"currency":"RUR","gross":true,"mode":{"id":"MONTH","name":"За месяц"},"frequency":null},"type":{"id":"open","name":"Открытая"},"address":{"city":"Москва","street":"Пресненская набережная","building":"12","lat":55.749511,"lng":37.537083,"description":null,"raw":"Москва, Пресненская набережная, 12","metro":{"station_name":"Деловой центр","line_name":"Большая кольцевая линия","station_id":"97.603","line_id":"97","lat":55.7491,"lng":37.5395},"metro_stations":[{"station_name":"Деловой центр","line_name":"Большая кольцевая линия","station_id":"97.603","line_id":"97","lat":55.7491,"lng":37.5395}],"id":"3269669"},"response_url":null,"sort_point_distance":null,"published_at":"2025-04-10T15:10:51+0300","created_at":"2025-04-10T15:10:51+0300","archived":false,"apply_alternate_url":"https://hh.ru/applicant/vacancy_response?vacancyId=118199211","show_logo_in_search":null,"insider_interview":null,"url":"https://api.hh.ru/vacancies/118199211?host=hh.ru","alternate_url":"https://hh.ru/vacancy/118199211","relations":[],"employer":{"id":"4379354","name":"Смарт Аналитикс Рус","url":"https://api.hh.ru/employers/4379354","alternate_url":"https://hh.ru/employer/4379354","logo_urls":{"original":"https://img.hhcdn.ru/employer-logo-original/1084659.png","90":"https://img.hhcdn.ru/employer-logo/5959265.png","240":"https://img.hhcdn.ru/employer-logo/5959266.png"},"vacancies_url":"https://api.hh.ru/vacancies?employer_id=4379354","accredited_it_employer":true,"employer_rating":{"total_rating":"4.7","reviews_count":6},"trusted":true},"snippet":{"requirement":"Не боитесь холодных звонков и интенсивного темпа работы. Отсрочка от армии (для военнообязанных): организация аккредитована Минцифры РФ, продукт входит в...","responsibility":"Формировать базу потенциальных клиентов по заданной логике. Совершать холодные звонки и выходить на ЛПР: генерального директора / руководителя отдела маркетинга / маркетолога..."},"show_contacts":false,"contacts":null,"schedule":{"id":"fullDay","name":"Полный день"},"working_days":[],"working_time_intervals":[],"working_time_modes":[],"accept_temporary":false,"fly_in_fly_out_duration":[],"work_format":[],"working_hours":[{"id":"HOURS_8","name":"8 часов"}],"work_schedule_by_days":[{"id":"FIVE_ON_TWO_OFF","name":"5/2"}],"night_shifts":false,"professional_roles":[{"id":"70","name":"Менеджер по продажам, менеджер по работе с клиентами"}],"accept_incomplete_resumes":false,"experience":{"id":"between1And3","name":"От 1 года до 3 лет"},"employment":{"id":"full","name":"Полная занятость"},"employment_form":{"id":"FULL","name":"Полная"},"internship":false,"adv_response_url":null,"is_adv_vacancy":false,"adv_context":null},{"id":"120012560","premium":false,"name":"Директор по маркетингу (CMO)","department":null,"has_test":false,"response_letter_required":false,"area":{"id":"1","name":"Москва","url":"https://api.hh.ru/areas/1"},"salary":null,"salary_range":null,"type":{"id":"open","name":"Открытая"},"address":{"city":"Москва","street":"1-я Тверская-Ямская улица","building":"23с1","lat":55.775165,"lng":37.586661,"description":null,"raw":"Москва, 1-я Тверская-Ямская улица, 23с1","metro":null,"metro_stations":[],"id":"6192561"},"response_url":null,"sort_point_distance":null,"published_at":"2025-04-28T09:35:13+0300","created_at":"2025-04-28T09:35:13+0300","archived":false,"apply_alternate_url":"https://hh.ru/applicant/vacancy_response?vacancyId=120012560","show_logo_in_search":null,"insider_interview":null,"url":"https://api.hh.ru/vacancies/120012560?host=hh.ru","alternate_url":"https://hh.ru/vacancy/120012560","relations":[],"employer":{"id":"5612631","name":"Qugo","url":"https://api.hh.ru/employers/5612631","alternate_url":"https://hh.ru/employer/5612631","logo_urls":{"original":"https://img.hhcdn.ru/employer-logo-original/1302741.jpg","90":"https://img.hhcdn.ru/employer-logo/6831226.jpeg","240":"https://img.hhcdn.ru/employer-logo/6831227.jpeg"},"vacancies_url":"https://api.hh.ru/vacancies?employer_id=5612631","accredited_it_employer":true,"employer_rating":{"total_rating":"4.3","reviews_count":35},"trusted":true},"snippet":{"requirement":"В2B (будет преимуществом - fintech, HRtech). Подтвержденный опыт маркетинга сложных продуктов, с большим чеком (массовый продукт не подходит). ","responsibility":"Аналитикой маркетинговых кампаний (Google Analytics, Google <highlighttext>Data</highlighttext> Studio). Формированием и управлением командой маркетинга (постановка задач, коучинг, KPI, расширение состава). "},"show_contacts":false,"contacts":null,"schedule":{"id":"remote","name":"Удаленная работа"},"working_days":[],"working_time_intervals":[],"working_time_modes":[],"accept_temporary":false,"fly_in_fly_out_duration":[],"work_format":[{"id":"REMOTE","name":"Удалённо"},{"id":"HYBRID","name":"Гибрид"}],"working_hours":[{"id":"HOURS_8","name":"8 часов"}],"work_schedule_by_days":[{"id":"FIVE_ON_TWO_OFF","name":"5/2"}],"night_shifts":false,"professional_roles":[{"id":"37","name":"Директор по маркетингу и PR (CMO)"}],"accept_incomplete_resumes":false,"experience":{"id":"between3And6","name":"От 3 до 6 лет"},"employment":{"id":"full","name":"Полная занятость"},"employment_form":{"id":"FULL","name":"Полная"},"internship":false,"adv_response_url":null,"is_adv_vacancy":false,"adv_context":null},{"id":"119892956","premium":false,"name":"Директор департамента Информационных Технологий","department":null,"has_test":false,"response_letter_required":false,"area":{"id":"1","name":"Москва","url":"https://api.hh.ru/areas/1"},"salary":{"from":500000,"to":null,"currency":"RUR","gross":true},"salary_range":{"from":500000,"to":null,"currency":"RUR","gross":true,"mode":{"id":"MONTH","name":"За месяц"},"frequency":null},"type":{"id":"open","name":"Открытая"},"address":{"city":"Москва","street":"17-й проезд Марьиной Рощи","building":"4к1","lat":55.809171,"lng":37.611976,"description":null,"raw":"Москва, 17-й проезд Марьиной Рощи, 4к1","metro":{"station_name":"Бутырская ","line_name":"Люблинско-Дмитровская","station_id":"10.546","line_id":"10","lat":55.813333,"lng":37.602778},"metro_stations":[{"station_name":"Бутырская ","line_name":"Люблинско-Дмитровская","station_id":"10.546","line_id":"10","lat":55.813333,"lng":37.602778}],"id":"6847872"},"response_url":null,"sort_point_distance":null,"published_at":"2025-04-24T09:22:45+0300","created_at":"2025-04-24T09:22:45+0300","archived":false,"apply_alternate_url":"https://hh.ru/applicant/vacancy_response?vacancyId=119892956","show_logo_in_search":null,"insider_interview":null,"url":"https://api.hh.ru/vacancies/119892956?host=hh.ru","alternate_url":"https://hh.ru/vacancy/119892956","relations":[],"employer":{"id":"5870624","name":"Ритейл Эксперт","url":"https://api.hh.ru/employers/5870624","alternate_url":"https://hh.ru/employer/5870624","logo_urls":{"original":"https://img.hhcdn.ru/employer-logo-original/913669.png","90":"https://img.hhcdn.ru/employer-logo/4095359.png","240":"https://img.hhcdn.ru/employer-logo/4095360.png"},"vacancies_url":"https://api.hh.ru/vacancies?employer_id=5870624","accredited_it_employer":false,"employer_rating":{"total_rating":"4","reviews_count":1},"trusted":true},"snippet":{"requirement":"...<highlighttext>Data</highlighttext> Governance и <highlighttext>Data</highlighttext> Quality. Опыт внедрения решений для реального времени (Real-time Analytics). Опыт руководящей работы в IT/<highlighttext>DATA</highlighttext>...","responsibility":"Руководство командой <highlighttext>data</highlighttext>-специалистов (<highlighttext>Data</highlighttext> Engineers, BI/Analytics, <highlighttext>Data</highlighttext> Scientists). Внедрение лучших практик работы с данными (DataOps, <highlighttext>Data</highlighttext> Mesh). "},"show_contacts":true,"contacts":null,"schedule":{"id":"fullDay","name":"Полный день"},"working_days":[],"working_time_intervals":[],"working_time_modes":[],"accept_temporary":false,"fly_in_fly_out_duration":[],"work_format":[{"id":"ON_SITE","name":"На месте работодателя"}],"working_hours":[{"id":"HOURS_8","name":"8 часов"}],"work_schedule_by_days":[{"id":"FIVE_ON_TWO_OFF","name":"5/2"}],"night_shifts":false,"professional_roles":[{"id":"36","name":"Директор по информационным технологиям (CIO)"}],"accept_incomplete_resumes":false,"experience":{"id":"moreThan6","name":"Более 6 лет"},"employment":{"id":"full","name":"Полная занятость"},"employment_form":{"id":"FULL","name":"Полная"},"internship":false,"adv_response_url":null,"is_adv_vacancy":false,"adv_context":null},{"id":"119959692","premium":false,"name":"Java-разработчик","department":null,"has_test":false,"response_letter_required":false,"area":{"id":"1","name":"Москва","url":"https://api.hh.ru/areas/1"},"salary":{"from":180,"to":null,"currency":"RUR","gross":false},"salary_range":{"from":180,"to":null,"currency":"RUR","gross":false,"mode":{"id":"MONTH","name":"За месяц"},"frequency":{"id":"TWICE_PER_MONTH","name":"Два раза в месяц"}},"type":{"id":"open","name":"Открытая"},"address":{"city":"Москва","street":"Кутузовский проспект","building":"36с3","lat":55.7392995387413,"lng":37.5272333068836,"description":null,"raw":"Москва, Кутузовский проспект, 36с3","metro":{"station_name":"Кутузовская","line_name":"Филевская","station_id":"4.73","line_id":"4","lat":55.740544,"lng":37.5341},"metro_stations":[{"station_name":"Кутузовская","line_name":"Филевская","station_id":"4.73","line_id":"4","lat":55.740544,"lng":37.5341},{"station_name":"Парк Победы","line_name":"Арбатско-Покровская","station_id":"3.173","line_id":"3","lat":55.735679,"lng":37.516865}],"id":"558335"},"response_url":null,"sort_point_distance":null,"published_at":"2025-04-28T13:33:55+0300","created_at":"2025-04-28T13:33:55+0300","archived":false,"apply_alternate_url":"https://hh.ru/applicant/vacancy_response?vacancyId=119959692","show_logo_in_search":null,"insider_interview":null,"url":"https://api.hh.ru/vacancies/119959692?host=hh.ru","alternate_url":"https://hh.ru/vacancy/119959692","relations":[],"employer":{"id":"169780","name":"Innovasystem","url":"https://api.hh.ru/employers/169780","alternate_url":"https://hh.ru/employer/169780","logo_urls":{"original":"https://img.hhcdn.ru/employer-logo-original/1389208.png","90":"https://img.hhcdn.ru/employer-logo/7176619.png","240":"https://img.hhcdn.ru/employer-logo/7176620.png"},"vacancies_url":"https://api.hh.ru/vacancies?employer_id=169780","accredited_it_employer":false,"employer_rating":{"total_rating":"4.3","reviews_count":4},"trusted":true},"snippet":{"requirement":"Хорошее знание Spring (Spring Boot, Spring <highlighttext>Data</highlighttext> и т.д.). Опыт работы с Hibernate. Опыт работы и проектирования БД PostgreSQL...","responsibility":"Разработка и оптимизация серверной части ERP-систем (backend). Поддержка существующих и разработка новых решений. Документирование кода, API разрабатываемых продуктов."},"show_contacts":true,"contacts":null,"schedule":{"id":"fullDay","name":"Полный день"},"working_days":[],"working_time_intervals":[],"working_time_modes":[],"accept_temporary":false,"fly_in_fly_out_duration":[],"work_format":[],"working_hours":[{"id":"HOURS_8","name":"8 часов"}],"work_schedule_by_days":[{"id":"FIVE_ON_TWO_OFF","name":"5/2"}],"night_shifts":false,"professional_roles":[{"id":"96","name":"Программист, разработчик"}],"accept_incomplete_resumes":false,"experience":{"id":"between3And6","name":"От 3 до 6 лет"},"employment":{"id":"full","name":"Полная занятость"},"employment_form":{"id":"FULL","name":"Полная"},"internship":false,"adv_response_url":null,"is_adv_vacancy":false,"adv_context":null},{"id":"119839479","premium":false,"name":"Генеральный директор","department":null,"has_test":false,"response_letter_required":false,"area":{"id":"1","name":"Москва","url":"https://api.hh.ru/areas/1"},"salary":{"from":350000,"to":570000,"currency":"RUR","gross":false},"salary_range":{"from":350000,"to":570000,"currency":"RUR","gross":false,"mode":{"id":"MONTH","name":"За месяц"},"frequency":null},"type":{"id":"open","name":"Открытая"},"address":null,"response_url":null,"sort_point_distance":null,"published_at":"2025-04-22T19:26:07+0300","created_at":"2025-04-22T19:26:07+0300","archived":false,"apply_alternate_url":"https://hh.ru/applicant/vacancy_response?vacancyId=119839479","show_logo_in_search":null,"insider_interview":null,"url":"https://api.hh.ru/vacancies/119839479?host=hh.ru","alternate_url":"https://hh.ru/vacancy/119839479","relations":[],"employer":{"id":"9163396","name":"Кадры Онлайн","url":"https://api.hh.ru/employers/9163396","alternate_url":"https://hh.ru/employer/9163396","logo_urls":{"original":"https://img.hhcdn.ru/employer-logo-original/1394247.png","90":"https://img.hhcdn.ru/employer-logo/7196771.png","240":"https://img.hhcdn.ru/employer-logo/7196772.png"},"vacancies_url":"https://api.hh.ru/vacancies?employer_id=9163396","accredited_it_employer":false,"employer_rating":{"total_rating":"4.9","reviews_count":38},"trusted":true},"snippet":{"requirement":"Навыки стратегического планирования, управления P&L, бюджетирования и анализа big <highlighttext>data</highlighttext>. Навыки ведения переговоров с топ-уровнем (инвесторы, партнеры, государство). ","responsibility":"Разработка и реализация долгосрочной стратегии развития компании в соответствии с целями акционеров. Управление всеми направлениями бизнеса: финансы, продажи, маркетинг, производство..."},"show_contacts":false,"contacts":null,"schedule":{"id":"fullDay","name":"Полный день"},"working_days":[],"working_time_intervals":[],"working_time_modes":[],"accept_temporary":false,"fly_in_fly_out_duration":[],"work_format":[{"id":"ON_SITE","name":"На месте работодателя"}],"working_hours":[{"id":"HOURS_8","name":"8 часов"}],"work_schedule_by_days":[{"id":"FIVE_ON_TWO_OFF","name":"5/2"}],"night_shifts":false,"professional_roles":[{"id":"26","name":"Генеральный директор, исполнительный директор (CEO)"}],"accept_incomplete_resumes":false,"experience":{"id":"moreThan6","name":"Более 6 лет"},"employment":{"id":"full","name":"Полная занятость"},"employment_form":{"id":"FULL","name":"Полная"},"internship":false,"adv_response_url":null,"is_adv_vacancy":false,"adv_context":null},{"id":"119941582","premium":false,"name":"Junior IT-аналитик (SQL, Python)","department":null,"has_test":false,"response_letter_required":false,"area":{"id":"2759","name":"Ташкент","url":"https://api.hh.ru/areas/2759"},"salary":null,"salary_range":null,"type":{"id":"open","name":"Открытая"},"address":null,"response_url":null,"sort_point_distance":null,"published_at":"2025-04-25T07:31:20+0300","created_at":"2025-04-25T07:31:20+0300","archived":false,"apply_alternate_url":"https://hh.ru/applicant/vacancy_response?vacancyId=119941582","branding":{"type":"MAKEUP","tariff":null},"show_logo_in_search":true,"insider_interview":null,"url":"https://api.hh.ru/vacancies/119941582?host=hh.ru","alternate_url":"https://hh.ru/vacancy/119941582","relations":[],"employer":{"id":"3831368","name":"Национальный банк внешнеэкономической деятельности Республики Узбекистана","url":"https://api.hh.ru/employers/3831368","alternate_url":"https://hh.ru/employer/3831368","logo_urls":{"original":"https://img.hhcdn.ru/employer-logo-original/608403.png","90":"https://img.hhcdn.ru/employer-logo/2874764.png","240":"https://img.hhcdn.ru/employer-logo/2874765.png"},"vacancies_url":"https://api.hh.ru/vacancies?employer_id=3831368","accredited_it_employer":false,"employer_rating":{"total_rating":"0","reviews_count":0},"trusted":true},"snippet":{"requirement":"Знание основ SQL и Python. Понимание архитектуры веб-приложений (frontend/backend, API, REST). Базовое знание HTML/CSS/JS будет плюсом. ","responsibility":"Сбор, анализ и структурирование требований от бизнеса. Участие в проектах по разработке внутренних IT-систем. Работа на стыке frontend и..."},"show_contacts":false,"contacts":null,"schedule":{"id":"fullDay","name":"Полный день"},"working_days":[],"working_time_intervals":[],"working_time_modes":[],"accept_temporary":false,"fly_in_fly_out_duration":[],"work_format":[{"id":"ON_SITE","name":"На месте работодателя"}],"working_hours":[{"id":"HOURS_8","name":"8 часов"}],"work_schedule_by_days":[{"id":"FIVE_ON_TWO_OFF","name":"5/2"}],"night_shifts":false,"professional_roles":[{"id":"96","name":"Программист, разработчик"}],"accept_incomplete_resumes":false,"experience":{"id":"noExperience","name":"Нет опыта"},"employment":{"id":"full","name":"Полная занятость"},"employment_form":{"id":"FULL","name":"Полная"},"internship":true,"adv_response_url":null,"is_adv_vacancy":false,"adv_context":null},{"id":"120020260","premium":false,"name":"Frontend developer (Gamedev)","department":null,"has_test":false,"response_letter_required":false,"area":{"id":"2","name":"Санкт-Петербург","url":"https://api.hh.ru/areas/2"},"salary":null,"salary_range":null,"type":{"id":"open","name":"Открытая"},"address":{"city":"Челябинск","street":"проспект Победы","building":"160","lat":55.186037,"lng":61.404934,"description":null,"raw":"Челябинск, проспект Победы, 160","metro":null,"metro_stations":[],"id":"120490"},"response_url":null,"sort_point_distance":null,"published_at":"2025-04-28T11:11:55+0300","created_at":"2025-04-28T11:11:55+0300","archived":false,"apply_alternate_url":"https://hh.ru/applicant/vacancy_response?vacancyId=120020260","show_logo_in_search":null,"insider_interview":null,"url":"https://api.hh.ru/vacancies/120020260?host=hh.ru","alternate_url":"https://hh.ru/vacancy/120020260","relations":[],"employer":{"id":"923083","name":"ROCKSTONE","url":"https://api.hh.ru/employers/923083","alternate_url":"https://hh.ru/employer/923083","logo_urls":{"original":"https://img.hhcdn.ru/employer-logo-original/357612.jpg","90":"https://img.hhcdn.ru/employer-logo/1872710.jpeg","240":"https://img.hhcdn.ru/employer-logo/1872711.jpeg"},"vacancies_url":"https://api.hh.ru/vacancies?employer_id=923083","accredited_it_employer":true,"employer_rating":{"total_rating":"4.3","reviews_count":33},"trusted":true},"snippet":{"requirement":"Опыт работы со стеком TypeScript+React от 2х лет. Знание HTML5. Знание JavaScript. Обязательно — React, сложная вёрстка (резина, адаптив...","responsibility":"Командная разработка и развитие игры на TypeScript + React, Less, Webpack, JS. Быть творцом: делать новые и поддерживать старые фичи. "},"show_contacts":false,"contacts":null,"schedule":{"id":"remote","name":"Удаленная работа"},"working_days":[],"working_time_intervals":[],"working_time_modes":[],"accept_temporary":true,"fly_in_fly_out_duration":[],"work_format":[{"id":"REMOTE","name":"Удалённо"}],"working_hours":[{"id":"HOURS_8","name":"8 часов"}],"work_schedule_by_days":[{"id":"FIVE_ON_TWO_OFF","name":"5/2"}],"night_shifts":false,"professional_roles":[{"id":"96","name":"Программист, разработчик"}],"accept_incomplete_resumes":false,"experience":{"id":"between1And3","name":"От 1 года до 3 лет"},"employment":{"id":"full","name":"Полная занятость"},"employment_form":{"id":"FULL","name":"Полная"},"internship":false,"adv_response_url":null,"is_adv_vacancy":false,"adv_context":null},{"id":"119834656","premium":false,"name":"Младший аналитик данных (Junior Data Analyst)","department":null,"has_test":false,"response_letter_required":false,"area":{"id":"1","name":"Москва","url":"https://api.hh.ru/areas/1"},"salary":null,"salary_range":null,"type":{"id":"open","name":"Открытая"},"address":{"city":"Москва","street":"Цветной бульвар","building":"2","lat":55.768025,"lng":37.623483,"description":null,"raw":"Москва, Цветной бульвар, 2","metro":{"station_name":"Трубная","line_name":"Люблинско-Дмитровская","station_id":"10.177","line_id":"10","lat":55.76771,"lng":37.621926},"metro_stations":[{"station_name":"Трубная","line_name":"Люблинско-Дмитровская","station_id":"10.177","line_id":"10","lat":55.76771,"lng":37.621926}],"id":"7598176"},"response_url":null,"sort_point_distance":null,"published_at":"2025-04-22T16:50:45+0300","created_at":"2025-04-22T16:50:45+0300","archived":false,"apply_alternate_url":"https://hh.ru/applicant/vacancy_response?vacancyId=119834656","branding":{"type":"MAKEUP","tariff":null},"show_logo_in_search":true,"insider_interview":null,"url":"https://api.hh.ru/vacancies/119834656?host=hh.ru","alternate_url":"https://hh.ru/vacancy/119834656","relations":[],"employer":{"id":"1122338","name":"Синергетик","url":"https://api.hh.ru/employers/1122338","alternate_url":"https://hh.ru/employer/1122338","logo_urls":{"original":"https://img.hhcdn.ru/employer-logo-original/1386590.png","90":"https://img.hhcdn.ru/employer-logo/7166147.png","240":"https://img.hhcdn.ru/employer-logo/7166148.png"},"vacancies_url":"https://api.hh.ru/vacancies?employer_id=1122338","accredited_it_employer":false,"employer_rating":{"total_rating":"4.4","reviews_count":31},"trusted":true},"snippet":{"requirement":"Высшее образование. Опыт работы с данными приветствуется, но не обязателен. Знание Excel на уровне продвинутого пользователя (формулы, сводные таблицы, диаграммы). ","responsibility":"Ведение справочников в Excel. Помощь в подготовке отчетов, дашбордов и презентаций на основе данных. Взаимодействие с командами других отделов (маркетинг..."},"show_contacts":false,"contacts":null,"schedule":{"id":"fullDay","name":"Полный день"},"working_days":[],"working_time_intervals":[],"working_time_modes":[],"accept_temporary":false,"fly_in_fly_out_duration":[],"work_format":[{"id":"ON_SITE","name":"На месте работодателя"}],"working_hours":[{"id":"HOURS_8","name":"8 часов"}],"work_schedule_by_days":[{"id":"FIVE_ON_TWO_OFF","name":"5/2"}],"night_shifts":false,"professional_roles":[{"id":"156","name":"BI-аналитик, аналитик данных"}],"accept_incomplete_resumes":false,"experience":{"id":"noExperience","name":"Нет опыта"},"employment":{"id":"full","name":"Полная занятость"},"employment_form":{"id":"FULL","name":"Полная"},"internship":false,"adv_response_url":null,"is_adv_vacancy":false,"adv_context":null},{"id":"119431487","premium":false,"name":"Product Manager","department":null,"has_test":false,"response_letter_required":false,"area":{"id":"146","name":"Сербия","url":"https://api.hh.ru/areas/146"},"salary":{"from":null,"to":8000,"currency":"USD","gross":true},"salary_range":{"from":null,"to":8000,"currency":"USD","gross":true,"mode":{"id":"MONTH","name":"За месяц"},"frequency":{"id":"MONTHLY","name":"Раз в месяц"}},"type":{"id":"open","name":"Открытая"},"address":null,"response_url":null,"sort_point_distance":null,"published_at":"2025-04-11T13:36:24+0300","created_at":"2025-04-11T13:36:24+0300","archived":false,"apply_alternate_url":"https://hh.ru/applicant/vacancy_response?vacancyId=119431487","show_logo_in_search":null,"insider_interview":null,"url":"https://api.hh.ru/vacancies/119431487?host=hh.ru","alternate_url":"https://hh.ru/vacancy/119431487","relations":[],"employer":{"id":"9472269","name":"SL KG","url":"https://api.hh.ru/employers/9472269","alternate_url":"https://hh.ru/employer/9472269","logo_urls":{"original":"https://img.hhcdn.ru/employer-logo-original/1066049.png","90":"https://img.hhcdn.ru/employer-logo/5884829.png","240":"https://img.hhcdn.ru/employer-logo/5884830.png"},"vacancies_url":"https://api.hh.ru/vacancies?employer_id=9472269","accredited_it_employer":false,"employer_rating":{"total_rating":"0","reviews_count":null},"trusted":true},"snippet":{"requirement":"Business Focus & <highlighttext>Data</highlighttext>-driven decision making: Strong focus on business objectives, with experience in making decisions based on <highlighttext>data</highlighttext> analysis. ","responsibility":"...to ensure <highlighttext>data</highlighttext>-driven decision-making. Develop and analyze business metrics, communicate them to stakeholders, and make <highlighttext>data</highlighttext>-driven decisions..."},"show_contacts":false,"contacts":null,"schedule":{"id":"remote","name":"Удаленная работа"},"working_days":[],"working_time_intervals":[],"working_time_modes":[],"accept_temporary":false,"fly_in_fly_out_duration":[],"work_format":[{"id":"REMOTE","name":"Удалённо"}],"working_hours":[{"id":"HOURS_8","name":"8 часов"}],"work_schedule_by_days":[{"id":"FIVE_ON_TWO_OFF","name":"5/2"}],"night_shifts":false,"professional_roles":[{"id":"73","name":"Менеджер продукта"}],"accept_incomplete_resumes":false,"experience":{"id":"between3And6","name":"От 3 до 6 лет"},"employment":{"id":"full","name":"Полная занятость"},"employment_form":{"id":"FULL","name":"Полная"},"internship":false,"adv_response_url":null,"is_adv_vacancy":false,"adv_context":null},{"id":"119767147","premium":false,"name":"Java-разработчик","department":null,"has_test":false,"response_letter_required":false,"area":{"id":"1","name":"Москва","url":"https://api.hh.ru/areas/1"},"salary":null,"salary_range":null,"type":{"id":"open","name":"Открытая"},"address":{"city":"Москва","street":"улица Шаболовка","building":"31Г","lat":55.720819,"lng":37.610332,"description":null,"raw":"Москва, улица Шаболовка, 31Г","metro":null,"metro_stations":[],"id":"17369995"},"response_url":null,"sort_point_distance":null,"published_at":"2025-04-21T13:01:59+0300","created_at":"2025-04-21T13:01:59+0300","archived":false,"apply_alternate_url":"https://hh.ru/applicant/vacancy_response?vacancyId=119767147","show_logo_in_search":null,"insider_interview":null,"url":"https://api.hh.ru/vacancies/119767147?host=hh.ru","alternate_url":"https://hh.ru/vacancy/119767147","relations":[],"employer":{"id":"11672943","name":"Единая Сервисная Платформа","url":"https://api.hh.ru/employers/11672943","alternate_url":"https://hh.ru/employer/11672943","logo_urls":{"original":"https://img.hhcdn.ru/employer-logo-original/1367126.jpg","90":"https://img.hhcdn.ru/employer-logo/7088406.jpeg","240":"https://img.hhcdn.ru/employer-logo/7088407.jpeg"},"vacancies_url":"https://api.hh.ru/vacancies?employer_id=11672943","accredited_it_employer":false,"employer_rating":{"total_rating":"0","reviews_count":0},"trusted":true},"snippet":{"requirement":"Опыт применения основных пакетов и Spring Framework (Core, MVC, Boot, <highlighttext>Data</highlighttext>), Hibernate/JPA. Опыт работы Kafka/RabbitMQ. Опыт работы с...","responsibility":"Разрабатывать высоконагруженные приложения на Java. Ведение проекта с нуля, написание нового функционала на Java. Разработка микросервисов. Ревью кода. "},"show_contacts":false,"contacts":null,"schedule":{"id":"fullDay","name":"Полный день"},"working_days":[],"working_time_intervals":[],"working_time_modes":[],"accept_temporary":false,"fly_in_fly_out_duration":[],"work_format":[{"id":"ON_SITE","name":"На месте работодателя"},{"id":"HYBRID","name":"Гибрид"}],"working_hours":[{"id":"HOURS_8","name":"8 часов"}],"work_schedule_by_days":[{"id":"FIVE_ON_TWO_OFF","name":"5/2"}],"night_shifts":false,"professional_roles":[{"id":"96","name":"Программист, разработчик"}],"accept_incomplete_resumes":false,"experience":{"id":"between3And6","name":"От 3 до 6 лет"},"employment":{"id":"full","name":"Полная занятость"},"employment_form":{"id":"FULL","name":"Полная"},"internship":false,"adv_response_url":null,"is_adv_vacancy":false,"adv_context":null},{"id":"120014288","premium":false,"name":"Middle+ backend developer Kotlin","department":null,"has_test":false,"response_letter_required":false,"area":{"id":"1","name":"Москва","url":"https://api.hh.ru/areas/1"},"salary":null,"salary_range":null,"type":{"id":"open","name":"Открытая"},"address":null,"response_url":null,"sort_point_distance":null,"published_at":"2025-04-28T09:55:35+0300","created_at":"2025-04-28T09:55:35+0300","archived":false,"apply_alternate_url":"https://hh.ru/applicant/vacancy_response?vacancyId=120014288","show_logo_in_search":null,"insider_interview":null,"url":"https://api.hh.ru/vacancies/120014288?host=hh.ru","alternate_url":"https://hh.ru/vacancy/120014288","relations":[],"employer":{"id":"2851802","name":"JSA Group","url":"https://api.hh.ru/employers/2851802","alternate_url":"https://hh.ru/employer/2851802","logo_urls":{"original":"https://img.hhcdn.ru/employer-logo-original/1389914.png","90":"https://img.hhcdn.ru/employer-logo/7179443.png","240":"https://img.hhcdn.ru/employer-logo/7179444.png"},"vacancies_url":"https://api.hh.ru/vacancies?employer_id=2851802","accredited_it_employer":false,"employer_rating":{"total_rating":"4.1","reviews_count":36},"trusted":true},"snippet":{"requirement":"Разрабатывал сервисы в микросервисной архитектуре. Знаешь Spring (IoС, <highlighttext>Data</highlighttext>, MVC) и Java Core (Collections, Streams, Exceptions, Threads, jdbc). ","responsibility":"Реализовывать endpoint'ы для картографического сервиса и приложения интерактивной карты. Разработать алгоритм автоматического определения параметров текущего рейса и статуса техники. "},"show_contacts":false,"contacts":null,"schedule":{"id":"fullDay","name":"Полный день"},"working_days":[],"working_time_intervals":[],"working_time_modes":[],"accept_temporary":false,"fly_in_fly_out_duration":[],"work_format":[],"working_hours":[{"id":"HOURS_8","name":"8 часов"}],"work_schedule_by_days":[{"id":"FIVE_ON_TWO_OFF","name":"5/2"}],"night_shifts":false,"professional_roles":[{"id":"96","name":"Программист, разработчик"}],"accept_incomplete_resumes":false,"experience":{"id":"between3And6","name":"От 3 до 6 лет"},"employment":{"id":"full","name":"Полная занятость"},"employment_form":{"id":"FULL","name":"Полная"},"internship":false,"adv_response_url":null,"is_adv_vacancy":false,"adv_context":null},{"id":"119766772","premium":false,"name":"Программист Java","department":null,"has_test":false,"response_letter_required":false,"area":{"id":"1","name":"Москва","url":"https://api.hh.ru/areas/1"},"salary":null,"salary_range":null,"type":{"id":"open","name":"Открытая"},"address":null,"response_url":null,"sort_point_distance":null,"published_at":"2025-04-21T12:56:29+0300","created_at":"2025-04-21T12:56:29+0300","archived":false,"apply_alternate_url":"https://hh.ru/applicant/vacancy_response?vacancyId=119766772","show_logo_in_search":null,"insider_interview":null,"url":"https://api.hh.ru/vacancies/119766772?host=hh.ru","alternate_url":"https://hh.ru/vacancy/119766772","relations":[],"employer":{"id":"2207169","name":"КОМИТАС","url":"https://api.hh.ru/employers/2207169","alternate_url":"https://hh.ru/employer/2207169","logo_urls":{"original":"https://img.hhcdn.ru/employer-logo-original/315661.jpg","90":"https://img.hhcdn.ru/employer-logo/1705010.jpeg","240":"https://img.hhcdn.ru/employer-logo/1705011.jpeg"},"vacancies_url":"https://api.hh.ru/vacancies?employer_id=2207169","accredited_it_employer":false,"employer_rating":{"total_rating":"4.3","reviews_count":34},"trusted":true},"snippet":{"requirement":"Обладаешь уверенными знаниями в области объектно-ориентированного программирования. Имеешь опыт работы по данному направлению от 3-х лет в качестве...","responsibility":"Разрабатывать функциональные блоки программного продукта для управления автоматизированным высоконагруженным складом. Участвовать в проектировании микросервисной архитектуры продукта. Реализовывать задачи в соответствии..."},"show_contacts":false,"contacts":null,"schedule":{"id":"fullDay","name":"Полный день"},"working_days":[],"working_time_intervals":[],"working_time_modes":[],"accept_temporary":false,"fly_in_fly_out_duration":[],"work_format":[],"working_hours":[{"id":"HOURS_8","name":"8 часов"}],"work_schedule_by_days":[{"id":"FIVE_ON_TWO_OFF","name":"5/2"}],"night_shifts":false,"professional_roles":[{"id":"96","name":"Программист, разработчик"}],"accept_incomplete_resumes":false,"experience":{"id":"between3And6","name":"От 3 до 6 лет"},"employment":{"id":"full","name":"Полная занятость"},"employment_form":{"id":"FULL","name":"Полная"},"internship":false,"adv_response_url":null,"is_adv_vacancy":false,"adv_context":null},{"id":"120008814","premium":false,"name":"QA Engineer","department":null,"has_test":false,"response_letter_required":false,"area":{"id":"4","name":"Новосибирск","url":"https://api.hh.ru/areas/4"},"salary":{"from":30000,"to":42000,"currency":"RUR","gross":false},"salary_range":{"from":30000,"to":42000,"currency":"RUR","gross":false,"mode":{"id":"MONTH","name":"За месяц"},"frequency":null},"type":{"id":"open","name":"Открытая"},"address":{"city":"Новосибирск","street":"улица Николаева","building":"9/1","lat":54.859901,"lng":83.112579,"description":null,"raw":"Новосибирск, улица Николаева, 9/1","metro":null,"metro_stations":[],"id":"5284105"},"response_url":null,"sort_point_distance":null,"published_at":"2025-04-28T08:58:07+0300","created_at":"2025-04-28T08:58:07+0300","archived":false,"apply_alternate_url":"https://hh.ru/applicant/vacancy_response?vacancyId=120008814","show_logo_in_search":null,"insider_interview":null,"url":"https://api.hh.ru/vacancies/120008814?host=hh.ru","alternate_url":"https://hh.ru/vacancy/120008814","relations":[],"employer":{"id":"51423","name":"SIBERS","url":"https://api.hh.ru/employers/51423","alternate_url":"https://hh.ru/employer/51423","logo_urls":{"original":"https://img.hhcdn.ru/employer-logo-original/390166.jpg","90":"https://img.hhcdn.ru/employer-logo/2002918.jpeg","240":"https://img.hhcdn.ru/employer-logo/2002919.jpeg"},"vacancies_url":"https://api.hh.ru/vacancies?employer_id=51423","accredited_it_employer":true,"employer_rating":{"total_rating":"4","reviews_count":24},"trusted":true},"snippet":{"requirement":"График работы: полный рабочий день. Опыт работы: приветствуется. Образование: неполное высшее или высшее. Место работы: новосибирский Академгородок. Варианта удаленной работы...","responsibility":"Составлять и использовать тестовые стратегии, тест-планы, тест-кейсы, чек-листы. Быстро и оперативно анализировать Web, Mobile и Desktop приложения. "},"show_contacts":true,"contacts":null,"schedule":{"id":"fullDay","name":"Полный день"},"working_days":[],"working_time_intervals":[],"working_time_modes":[],"accept_temporary":false,"fly_in_fly_out_duration":[],"work_format":[{"id":"ON_SITE","name":"На месте работодателя"}],"working_hours":[{"id":"HOURS_8","name":"8 часов"}],"work_schedule_by_days":[{"id":"FIVE_ON_TWO_OFF","name":"5/2"},{"id":"FLEXIBLE","name":"Свободный"}],"night_shifts":false,"professional_roles":[{"id":"124","name":"Тестировщик"}],"accept_incomplete_resumes":false,"experience":{"id":"noExperience","name":"Нет опыта"},"employment":{"id":"full","name":"Полная занятость"},"employment_form":{"id":"FULL","name":"Полная"},"internship":false,"adv_response_url":null,"is_adv_vacancy":false,"adv_context":null},{"id":"120024554","premium":false,"name":"Старший Java-разработчик [Интеграции]","department":null,"has_test":false,"response_letter_required":false,"area":{"id":"1","name":"Москва","url":"https://api.hh.ru/areas/1"},"salary":null,"salary_range":null,"type":{"id":"open","name":"Открытая"},"address":{"city":"Москва","street":"проспект Андропова","building":"18к1","lat":55.695027,"lng":37.662812,"description":null,"raw":"Москва, проспект Андропова, 18к1","metro":{"station_name":"Технопарк","line_name":"Замоскворецкая","station_id":"2.512","line_id":"2","lat":55.695,"lng":37.664167},"metro_stations":[{"station_name":"Технопарк","line_name":"Замоскворецкая","station_id":"2.512","line_id":"2","lat":55.695,"lng":37.664167}],"id":"963440"},"response_url":null,"sort_point_distance":null,"published_at":"2025-04-28T12:10:51+0300","created_at":"2025-04-28T12:10:51+0300","archived":false,"apply_alternate_url":"https://hh.ru/applicant/vacancy_response?vacancyId=120024554","show_logo_in_search":null,"insider_interview":null,"url":"https://api.hh.ru/vacancies/120024554?host=hh.ru","alternate_url":"https://hh.ru/vacancy/120024554","relations":[],"employer":{"id":"2863237","name":"Сателл ИТ","url":"https://api.hh.ru/employers/2863237","alternate_url":"https://hh.ru/employer/2863237","logo_urls":{"original":"https://img.hhcdn.ru/employer-logo-original/426529.jpg","90":"https://img.hhcdn.ru/employer-logo/2148186.jpeg","240":"https://img.hhcdn.ru/employer-logo/2148187.jpeg"},"vacancies_url":"https://api.hh.ru/vacancies?employer_id=2863237","accredited_it_employer":true,"employer_rating":{"total_rating":"5","reviews_count":2},"trusted":true},"snippet":{"requirement":"Глубокие знания и опыт работы с Spring Framework, включая Spring Boot, Spring <highlighttext>Data</highlighttext>, Spring Security и другим ключевым модулям. ","responsibility":"Разработка и оптимизация критически важных компонентов интеграционной платформы. Поддержка и улучшение архитектуры, включая проектирование и реализацию новых функций. "},"show_contacts":false,"contacts":null,"schedule":{"id":"fullDay","name":"Полный день"},"working_days":[],"working_time_intervals":[],"working_time_modes":[],"accept_temporary":false,"fly_in_fly_out_duration":[],"work_format":[],"working_hours":[{"id":"HOURS_8","name":"8 часов"}],"work_schedule_by_days":[{"id":"FIVE_ON_TWO_OFF","name":"5/2"}],"night_shifts":false,"professional_roles":[{"id":"96","name":"Программист, разработчик"}],"accept_incomplete_resumes":false,"experience":{"id":"moreThan6","name":"Более 6 лет"},"employment":{"id":"full","name":"Полная занятость"},"employment_form":{"id":"FULL","name":"Полная"},"internship":false,"adv_response_url":null,"is_adv_vacancy":false,"adv_context":null},{"id":"119232621","premium":false,"name":"Администратор в творческий центр","department":null,"has_test":false,"response_letter_required":false,"area":{"id":"160","name":"Алматы","url":"https://api.hh.ru/areas/160"},"salary":{"from":null,"to":300000,"currency":"KZT","gross":false},"salary_range":{"from":null,"to":300000,"currency":"KZT","gross":false,"mode":{"id":"MONTH","name":"За месяц"},"frequency":{"id":"MONTHLY","name":"Раз в месяц"}},"type":{"id":"open","name":"Открытая"},"address":{"city":"Алматы","street":"улица Айманова","building":"71","lat":43.244945,"lng":76.896148,"description":null,"raw":"Алматы, улица Айманова, 71","metro":null,"metro_stations":[],"id":"18095746"},"response_url":null,"sort_point_distance":null,"published_at":"2025-04-14T06:44:05+0300","created_at":"2025-04-14T06:44:05+0300","archived":false,"apply_alternate_url":"https://hh.ru/applicant/vacancy_response?vacancyId=119232621","show_logo_in_search":null,"insider_interview":null,"url":"https://api.hh.ru/vacancies/119232621?host=hh.ru","alternate_url":"https://hh.ru/vacancy/119232621","relations":[],"employer":{"id":"11589390","name":"SSA KIDS","url":"https://api.hh.ru/employers/11589390","alternate_url":"https://hh.ru/employer/11589390","logo_urls":{"original":"https://img.hhcdn.ru/employer-logo-original/1354424.PNG","90":"https://img.hhcdn.ru/employer-logo/7037626.png","240":"https://img.hhcdn.ru/employer-logo/7037627.png"},"vacancies_url":"https://api.hh.ru/vacancies?employer_id=11589390","accredited_it_employer":false,"employer_rating":null,"trusted":true},"snippet":{"requirement":"Грамотная устная и письменная речь казахский и русский язык. Уверенный пользователь ПК, cup cut, instagram.","responsibility":"Участвовать в съемках, отчетных концертах. Инстаграм статус. Организовать отчетный концерт, мероприятия раз в квартал. Контроль посещаемости детей. Работа с действующими..."},"show_contacts":true,"contacts":null,"schedule":{"id":"fullDay","name":"Полный день"},"working_days":[],"working_time_intervals":[],"working_time_modes":[],"accept_temporary":false,"fly_in_fly_out_duration":[],"work_format":[{"id":"ON_SITE","name":"На месте работодателя"}],"working_hours":[{"id":"HOURS_8","name":"8 часов"},{"id":"OTHER","name":"Другое"}],"work_schedule_by_days":[{"id":"SIX_ON_ONE_OFF","name":"6/1"},{"id":"FOUR_ON_THREE_OFF","name":"4/3"},{"id":"THREE_ON_THREE_OFF","name":"3/3"}],"night_shifts":false,"professional_roles":[{"id":"8","name":"Администратор"}],"accept_incomplete_resumes":true,"experience":{"id":"noExperience","name":"Нет опыта"},"employment":{"id":"part","name":"Частичная занятость"},"employment_form":{"id":"PART","name":"Частичная"},"internship":false,"adv_response_url":null,"is_adv_vacancy":false,"adv_context":null},{"id":"119798094","premium":false,"name":"QAQC Officer","department":null,"has_test":false,"response_letter_required":false,"area":{"id":"153","name":"Атырау","url":"https://api.hh.ru/areas/153"},"salary":null,"salary_range":null,"type":{"id":"open","name":"Открытая"},"address":null,"response_url":null,"sort_point_distance":null,"published_at":"2025-04-22T08:20:42+0300","created_at":"2025-04-22T08:20:42+0300","archived":false,"apply_alternate_url":"https://hh.ru/applicant/vacancy_response?vacancyId=119798094","show_logo_in_search":null,"insider_interview":null,"url":"https://api.hh.ru/vacancies/119798094?host=hh.ru","alternate_url":"https://hh.ru/vacancy/119798094","relations":[],"employer":{"id":"75514","name":"Bolashak Atyrau","url":"https://api.hh.ru/employers/75514","alternate_url":"https://hh.ru/employer/75514","logo_urls":{"original":"https://img.hhcdn.ru/employer-logo-original/215134.png","90":"https://img.hhcdn.ru/employer-logo/524912.png","240":"https://img.hhcdn.ru/employer-logo/524913.png"},"vacancies_url":"https://api.hh.ru/vacancies?employer_id=75514","accredited_it_employer":false,"employer_rating":{"total_rating":"4.7","reviews_count":29},"trusted":true},"snippet":{"requirement":"Proficient in computer applications and systems such as Microsoft Office, Auto Cad, Primavera. Analyzes complex technical <highlighttext>data</highlighttext> such as using...","responsibility":null},"show_contacts":true,"contacts":null,"schedule":{"id":"fullDay","name":"Полный день"},"working_days":[],"working_time_intervals":[],"working_time_modes":[],"accept_temporary":false,"fly_in_fly_out_duration":[],"work_format":[],"working_hours":[{"id":"HOURS_8","name":"8 часов"}],"work_schedule_by_days":[{"id":"FIVE_ON_TWO_OFF","name":"5/2"}],"night_shifts":false,"professional_roles":[{"id":"45","name":"Инженер по охране труда и технике безопасности, инженер-эколог"}],"accept_incomplete_resumes":false,"experience":{"id":"between3And6","name":"От 3 до 6 лет"},"employment":{"id":"full","name":"Полная занятость"},"employment_form":{"id":"FULL","name":"Полная"},"internship":false,"adv_response_url":null,"is_adv_vacancy":false,"adv_context":null},{"id":"119900069","premium":false,"name":"Junior Data Analyst","department":null,"has_test":false,"response_letter_required":false,"area":{"id":"2760","name":"Бишкек","url":"https://api.hh.ru/areas/2760"},"salary":null,"salary_range":null,"type":{"id":"open","name":"Открытая"},"address":{"city":"Бишкек","street":"Московская улица","building":"118","lat":42.869316,"lng":74.60336,"description":null,"raw":"Бишкек, Московская улица, 118","metro":null,"metro_stations":[],"id":"16330605"},"response_url":null,"sort_point_distance":null,"published_at":"2025-04-24T11:07:39+0300","created_at":"2025-04-24T11:07:39+0300","archived":false,"apply_alternate_url":"https://hh.ru/applicant/vacancy_response?vacancyId=119900069","show_logo_in_search":null,"insider_interview":null,"url":"https://api.hh.ru/vacancies/119900069?host=hh.ru","alternate_url":"https://hh.ru/vacancy/119900069","relations":[],"employer":{"id":"10026730","name":"ОсОО Форвис Мазарс ТЦК","url":"https://api.hh.ru/employers/10026730","alternate_url":"https://hh.ru/employer/10026730","logo_urls":{"original":"https://img.hhcdn.ru/employer-logo-original/1317392.png","90":"https://img.hhcdn.ru/employer-logo/6889782.png","240":"https://img.hhcdn.ru/employer-logo/6889783.png"},"vacancies_url":"https://api.hh.ru/vacancies?employer_id=10026730","accredited_it_employer":false,"employer_rating":null,"trusted":true},"snippet":{"requirement":"Что ты будешь делать? Уровень английского — B1+ / B2 (upper intermediate). Уверенное владение базовым синтаксисом SQL и понимание...","responsibility":"Разрабатывать алгоритмы для извлечения, трансформации и загрузки данных в ETL процессах. Создавать масштабируемые и удобные модели данных. Разрабатывать понятные и..."},"show_contacts":false,"contacts":null,"schedule":{"id":"remote","name":"Удаленная работа"},"working_days":[],"working_time_intervals":[],"working_time_modes":[],"accept_temporary":false,"fly_in_fly_out_duration":[],"work_format":[{"id":"REMOTE","name":"Удалённо"},{"id":"HYBRID","name":"Гибрид"}],"working_hours":[{"id":"HOURS_8","name":"8 часов"}],"work_schedule_by_days":[{"id":"FIVE_ON_TWO_OFF","name":"5/2"}],"night_shifts":false,"professional_roles":[{"id":"156","name":"BI-аналитик, аналитик данных"}],"accept_incomplete_resumes":false,"experience":{"id":"noExperience","name":"Нет опыта"},"employment":{"id":"full","name":"Полная занятость"},"employment_form":{"id":"FULL","name":"Полная"},"internship":false,"adv_response_url":null,"is_adv_vacancy":false,"adv_context":null}],"found":5449,"pages":100,"page":0,"per_page":20,"clusters":null,"arguments":null,"fixes":null,"suggests":null,"alternate_url":"https://hh.ru/search/vacancy?enable_snippets=true&order_by=publication_time&text=Data"}